01,Felipe,felipe01@gmail.com,PREMIUM
02,Juan,juan02@gmail.com,FAMILY
USR-001,John Doe,john@example.com,PREMIUM
03,Pablo,pablo03@gmail.com,PREMIUM
USR-100,Jane Doe,jane@example.com,PREMIUM
USR-10,Alex,Alex05@example.com,PREMIUM
USR-009,David,david09@gmail.com,FAMILY
USR-11,Sara11,sara11@example.com,PREMIUM
